"Year","Month","Day","Hr1","Hr2","Hr3","Hr4","Hr5","Hr6","Hr7","Hr8","Hr9","Hr10","Hr11","Hr12","Hr13","Hr14","Hr15","Hr16","Hr17","Hr18","Hr19","Hr20","Hr21","Hr22","Hr23","Hr24","Hr25"
"2022","1","1","14507","13932","13482","13206","13093","13193","13499","13828","14217","14773","15337","15723","15999","16084","16057","16226","16840","17488","17365","17021","16650","16155","15518","14752",
"2022","1","2","14091","13608","13320","13150","13143","13356","13782","14312","14909","15581","16260","16723","16980","16988","17077","17315","18054","18916","18878","18560","18109","17489","16606","15737",
"2022","1","3","15126","14736","14559","14610","14919","15747","17183","18467","19173","19678","20059","20186","20232","20187","20197","20398","21036","21929","21765","21314","20821","19968","18873","17833",
"2022","1","4","17149","16711","16428","16354","16546","17336","18667","19768","20100","19944","19624","19367","19099","18978","19059","19500","20377","21461","21281","20848","20165","19286","18174","17088",
"2022","1","5","16374","15900","15576","15520","15662","16286","17537","18674","19118","19376","19613","19660","19589","19360","19262","19354","19862","20553","20281","19770","19074","18247","17185","16194",
"2022","1","6","15537","15123","14911","14858","15116","15932","17320","18424","18966","19142","19191","19109","18853","18855","18913","19298","20106","20966","20781","20323","19739","18956","17891","16937",
"2022","1","7","16252","15834","15595","15560","15785","16458","17631","18713","19386","19826","20086","20090","20049","20028","19996","20097","20625","21468","21323","20897","20353","19631","18730","17848",
"2022","1","8","17145","16715","16448","16350","16395","16736","17417","18110","18708","18983","18986","18812","18542","18335","18331","18621","19384","20489","20523","20157","19725","19131","18307","17474",
"2022","1","9","16673","16120","15726","15506","15465","15627","15974","16429","17016","17694","18220","18556","18771","18778","18757","18839","19336","19885","19713","19299","18798","18052","17170","16305",
"2022","1","10","15754","15370","15183","15224","15616","16548","18050","19332","19757","19760","19715","19719","19764","19795","19905","20351","21194","22220","22128","21691","21123","20258","19171","18261",
"2022","1","11","17625","17247","17076","17056","17352","18151","19550","20713","21232","21335","21114","20968","20890","20867","20934","21317","22210","23237","23155","22698","22036","21149","20048","18998",
"2022","1","12","18204","17646","17325","17211","17366","18056","19342","20373","20662","20635","20422","20311","20087","19960","19943","20163","20604","21338","21165","20689","20005","19194","18031","17019",
"2022","1","13","16294","15786","15530","15442","15653","16394","17799","18820","19157","19132","19024","18761","18470","18448","18502","18797","19493","20312","20191","19735","19140","18328","17224","16252",
"2022","1","14","15580","15094","14831","14758","14987","15767","17137","18315","18864","19139","19178","19193","19110","19044","19102","19434","20159","21172","21185","20879","20465","19950","19214","18390",
"2022","1","15","17805","17463","17287","17252","17391","17741","18452","19170","19686","19861","19881","19936","19905","20007","20252","20561","21349","22285","22311","21955","21578","21031","20304","19490",
"2022","1","16","18819","18309","18000","17861","17925","18131","18552","19107","19469","19372","19158","19043","19121","19258","19536","19999","20693","21409","21160","20736","20266","19550","18582","17645",
"2022","1","17","16914","16412","16089","15936","16029","16388","17093","17747","18450","18927","19110","19714","20049","20180","20114","20195","20635","21320","21070","20506","19882","19006","17961","17037",
"2022","1","18","16408","16035","15812","15816","16096","16926","18303","19468","19845","19917","19937","20009","19777","19542","19473","19839","20617","21662","21710","21261","20639","19834","18769","17733",
"2022","1","19","17044","16573","16323","16246","16413","17095","18397","19436","19847","19988","19950","19816","19457","19027","18810","19026","19635","20583","20532","20053","19391","18501","17416","16447",
"2022","1","20","15689","15230","14978","14966","15300","16135","17585","18838","19525","19923","19942","19888","19642","19541","19587","19994","20681","21720","21820","21490","20992","20252","19222","18257",
"2022","1","21","17601","17311","17152","17124","17400","18220","19715","20956","21461","21498","21265","20823","20479","20279","20319","20854","21703","22595","22611","22241","21729","21068","20215","19312",
"2022","1","22","18577","18198","17917","17803","17907","18249","18913","19640","19950","19827","19628","19360","19091","18895","19004","19434","20114","21054","21184","20858","20458","19818","19007","18170",
"2022","1","23","17492","16983","16662","16477","16438","16659","17087","17583","18023","18388","18452","18304","18285","18322","18531","18902","19572","20543","20590","20252","19836","19129","18241","17297",
"2022","1","24","16662","16289","16041","16013","16316","17153","18711","19951","20515","20549","20226","19821","19658","19743","19973","20217","20937","21850","21722","21274","20569","19658","18411","17319",
"2022","1","25","16536","16080","15781","15697","15902","16610","17983","19125","19642","19865","19887","19835","19647","19460","19326","19487","20122","21144","21313","20939","20443","19591","18557","17568",
"2022","1","26","16950","16628","16467","16432","16758","17608","19092","20280","20620","20445","20109","19927","19723","19758","19901","20357","21236","22312","22492","22171","21648","20859","19805","18836",
"2022","1","27","18067","17707","17548","17557","17850","18640","20124","21242","21409","21122","20640","20352","20133","19960","19960","20389","21109","22062","22094","21641","21005","20114","18959","17867",
"2022","1","28","17085","16598","16223","16101","16340","17154","18499","19672","20202","20406","20572","20563","20440","20314","20308","20481","20863","21493","21498","21092","20511","19871","19042","18080",
"2022","1","29","17473","17077","16852","16787","16916","17232","17847","18585","19368","20135","20647","20887","20986","20888","20781","20770","21150","21976","22245","21886","21471","20885","20110","19249",
"2022","1","30","18594","18156","17851","17718","17677","17942","18415","18944","19420","19623","19599","19449","19305","19114","19150","19487","20296","21413","21749","21519","21043","20296","19296","18312",
"2022","1","31","17656","17286","17095","17094","17370","18240","19693","20796","21013","20848","20604","20254","19916","19666","19587","19880","20704","21834","22175","21776","21249","20407","19311","18298",
"2022","2","1","17625","17256","17061","17031","17234","17991","19485","20441","20501","20049","19597","19239","18924","18784","18802","19204","20062","21154","21386","20996","20377","19466","18345","17312",
"2022","2","2","16577","16104","15836","15789","15979","16747","18175","19219","19486","19236","18837","18546","18348","18320","18413","18805","19411","20231","20271","19855","19229","18377","17356","16345",
"2022","2","3","15625","15154","14896","14829","15042","15839","17227","18315","18878","19146","19310","19374","19456","19605","19560","19619","19984","20615","20564","20065","19439","18619","17556","16616",
"2022","2","4","15973","15543","15276","15193","15391","16038","17170","18315","19167","19716","20112","20371","20453","20540","20526","20565","20798","21329","21276","20778","20212","19509","18561","17685",
"2022","2","5","17110","16706","16460","16342","16431","16775","17465","18146","18731","19034","19149","19104","19017","18965","18949","19123","19717","20706","21187","20970","20616","20117","19408","18630",
"2022","2","6","18048","17632","17331","17197","17199","17446","17907","18367","18694","18860","18906","18764","18531","18343","18265","18496","19206","20334","20861","20581","20111","19326","18355","17425",
"2022","2","7","16730","16317","16061","15985","16231","17029","18515","19615","20112","20280","20166","19979","19798","19630","19587","19757","20173","20890","20947","20469","19835","18976","17815","16733",
"2022","2","8","16072","15633","15400","15332","15551","16372","17829","18878","19119","19104","18864","18589","18387","18453","18598","18925","19689","20605","20829","20425","19860","19053","18000","17003",
"2022","2","9","16332","15973","15782","15762","16067","16900","18367","19202","19095","18643","18195","17822","17521","17408","17520","17969","18773","19737","20055","19695","19138","18334","17315","16327",
"2022","2","10","15586","15162","14921","14842","15061","15876","17279","18304","18537","18285","17970","17820","17792","17882","17820","18100","18655","19512","19795","19443","18907","18157","17123","16168",
"2022","2","11","15425","14980","14749","14712","14975","15828","17314","18186","18076","17640","17358","17033","16830","16804","16864","17246","17966","18750","18982","18567","18044","17413","16549","15646",
"2022","2","12","14899","14429","14102","13991","14031","14341","14969","15556","16089","16296","16151","15943","15896","15889","15911","16225","16931","17865","18311","18083","17746","17271","16628","15935",
"2022","2","13","15383","14969","14739","14691","14867","15208","15717","16248","16959","17556","17940","18165","18252","18295","18336","18568","19126","19959","20147","19659","19253","18864","18244","17458",
"2022","2","14","16831","16502","16357","16376","16713","17572","19105","20209","20423","20605","20549","20438","20269","20114","19971","20217","20979","21961","22477","22095","21538","20775","19718","18714",
"2022","2","15","18038","17659","17459","17418","17695","18507","19992","20951","20994","20626","20307","20059","19867","19618","19458","19633","20388","21469","22013","21697","21128","20278","19155","18127",
"2022","2","16","17369","16962","16711","16647","16885","17707","19073","19909","19880","19435","18949","18473","18401","18565","18672","18857","19222","19896","20312","19970","19405","18716","17329","16170",
"2022","2","17","15368","14896","14611","14510","14694","15480","16747","17699","17974","17880","17905","17893","17757","17734","17657","17898","18360","19061","19164","18747","18149","17245","16297","15340",
"2022","2","18","14712","14304","14116","14110","14305","15037","16413","17470","18032","18051","17843","17660","17546","17537","17612","17886","18748","19703","20226","19979","19517","18923","18072","17189",
"2022","2","19","16593","16091","15857","15759","15821","16128","16691","17131","17515","17750","17863","18039","18209","18117","17809","18086","18702","19543","20224","20100","19739","19168","18507","17749",
"2022","2","20","17175","16780","16514","16348","16404","16684","17111","17395","17441","17453","17360","17244","16884","16465","16346","16673","17524","18624","19288","19117","18654","18045","17259","16411",
"2022","2","21","15766","15355","15119","15003","15157","15736","16611","17164","17088","16782","16507","16204","15868","15717","15691","16007","16847","17922","18617","18389","17880","17271","16456","15623",
"2022","2","22","14902","14499","14347","14332","14579","15339","16508","17409","17900","18018","18102","17947","17964","18187","18430","18528","18756","19188","19141","18586","17889","17024","15938","14993",
"2022","2","23","14322","13809","13593","13515","13661","14390","15604","16615","17250","17510","17541","17449","17188","17198","17130","17367","17929","18704","19179","18903","18437","17862","17051","16262",
"2022","2","24","15705","15369","15158","15132","15433","16251","17561","18462","18940","19057","18913","18860","18842","18823","18691","18715","19321","20230","20637","20283","19678","18959","18011","17022",
"2022","2","25","16303","15924","15741","15728","15910","16550","17598","18504","19377","20039","20267","20360","20312","19959","19527","19303","19628","20131","20485","20165","19683","19139","18286","17444",
"2022","2","26","16834","16445","16200","16093","16177","16550","17102","17619","18029","18006","17661","17399","17158","16974","16920","17161","17776","18634","19275","19069","18692","18214","17527","16820",
"2022","2","27","16230","15807","15541","15392","15387","15623","15980","16216","16333","16393","16413","16367","16226","16333","16501","16813","17459","18330","19037","18893","18482","17897","17066","16332",
"2022","2","28","15808","15525","15425","15500","15855","16804","18343","19137","19085","18847","18520","18223","17942","17841","17847","18287","19155","20126","20850","20615","20128","19324","18212","17225",
"2022","3","1","16471","16033","15760","15718","15903","16693","18019","18809","19105","19154","19068","18873","18728","18607","18573","18711","19030","19588","19984","19620","18975","18040","16981","15952",
"2022","3","2","15254","14822","14598","14550","14807","15689","17129","17916","18079","17821","17549","17107","16642","16410","16462","16958","17866","18809","19450","19234","18711","17930","16861","15877",
"2022","3","3","15127","14689","14482","14441","14730","15673","17160","18018","18051","17903","17680","17425","17140","17065","17084","17433","18347","19461","20302","20246","19832","19147","18216","17321",
"2022","3","4","16699","16328","16149","16145","16442","17318","18673","19303","19012","18533","18193","17926","17652","17421","17244","17550","18342","19299","19932","19719","19263","18612","17797","16967",
"2022","3","5","16266","15889","15643","15541","15623","15945","16402","16792","16925","16878","16631","16302","16126","15973","16010","16298","16911","17615","18192","17964","17548","16980","16217","15433",
"2022","3","6","14765","14286","13944","13744","13719","13913","14246","14655","15149","15465","15484","15224","14940","14585","14269","14699","15505","16279","16992","16847","16434","15808","15006","14233",
"2022","3","7","13672","13296","13090","13072","13350","14185","15575","16508","16874","17172","17341","17395","17431","17532","17530","17677","18076","18552","18757","18329","17708","16867","15746","14843",
"2022","3","8","14263","13918","13731","13756","14082","15006","16407","17198","17192","16910","16630","16437","16304","16207","16167","16515","17275","18240","19057","18899","18395","17594","16593","15643",
"2022","3","9","14984","14578","14366","14293","14547","15399","16820","17826","18408","18788","19018","19187","19244","19264","19164","19132","19326","19677","19981","19658","18974","18060","16971","15968",
"2022","3","10","15266","14840","14647","14645","14926","15817","17103","18028","18254","18006","17489","17030","16653","16247","16200","16615","17413","18210","18907","18798","18362","17627","16613","15685",
"2022","3","11","15014","14578","14446","14437","14700","15536","16748","17311","17215","16921","16744","16389","16167","16153","16186","16372","17013","17702","18201","18034","17542","16901","16076","15247",
"2022","3","12","14597","14178","13924","13831","13865","14167","14713","15378","16279","17123","17802","18250","18362","18223","18103","18235","18684","19213","19685","19565","19183","18639","17898","17176",
"2022","3","13","16563","16213","15942","15887","16037","16342","16621","16955","17122","17135","17009","16850","16673","16424","16459","16977","17867","18579","19116","18933","18305","17383","16428",,
"2022","3","14","15931","15927","15364","14808","15023","15823","17248","18338","18429","17958","17326","16804","16362","16109","15946","16032","16457","17108","17638","18193","17930","17197","16169","15160",
"2022","3","15","14463","14028","13807","13708","13947","14762","16242","17321","17427","17076","16654","16249","15973","15860","15856","16100","16659","17169","17424","17778","17454","16717","15697","14741",
"2022","3","16","14001","13571","13326","13244","13515","14352","15840","16888","17051","16760","16240","15704","15245","14953","14828","14888","15331","16069","16656","17218","17046","16370","15428","14459",
"2022","3","17","13794","13338","13096","13038","13254","14026","15499","16604","16972","17015","16938","16772","16630","16579","16490","16421","16514","16777","17003","17245","16936","16236","15301","14377",
"2022","3","18","13713","13272","12971","12868","13045","13775","15141","16138","16437","16314","15836","15335","14986","14870","14805","14984","15404","15959","16199","16498","16219","15655","14868","14079",
"2022","3","19","13406","12908","12606","12456","12491","12706","13259","13844","14439","14760","14905","14874","14719","14584","14354","14281","14584","15002","15395","15801","15704","15267","14678","13940",
"2022","3","20","13294","12786","12477","12285","12271","12466","12893","13374","13888","14211","14411","14798","15094","15254","15129","15129","15364","15756","16088","16553","16475","15934","15148","14308",
"2022","3","21","13712","13291","13110","13089","13323","14150","15684","16663","16603","16072","15590","15281","15108","15050","14937","15036","15545","16206","16749","17236","17078","16368","15375","14455",
"2022","3","22","13780","13360","13105","13107","13430","14286","15801","16805","16648","16169","15654","15381","15167","15045","14956","15164","15966","16627","17005","17524","17381","16659","15711","14741",
"2022","3","23","14117","13707","13509","13481","13746","14597","16038","17007","17239","17291","17317","17234","16869","16767","16938","17180","17536","17949","18072","18272","17904","17119","16034","15058",
"2022","3","24","14367","13937","13663","13613","13788","14599","15958","17052","17511","17698","17724","17636","17438","17212","17054","16983","17143","17433","17539","17778","17464","16715","15715","14817",
"2022","3","25","14114","13660","13405","13290","13458","14224","15620","16571","16814","16566","16287","16267","16123","16038","16285","16594","16811","16975","16929","17132","16937","16348","15543","14660",
"2022","3","26","13959","13493","13215","13069","13105","13400","13939","14515","15001","15121","15235","15441","15271","14946","14873","14987","15334","15679","15964","16417","16421","16055","15460","14738",
"2022","3","27","14128","13723","13466","13326","13371","13616","14070","14477","14921","15175","15338","15505","15575","15586","15587","15838","16332","17005","17471","18038","18084","17521","16728","15952",
"2022","3","28","15408","15083","14923","14947","15283","16173","17688","18745","18886","18855","18792","18671","18562","18455","18445","18552","18978","19627","20030","20450","20371","19575","18421","17360",
"2022","3","29","16611","16175","15869","15860","16059","16878","18291","19186","19069","18618","18172","17748","17417","17293","17191","17140","17362","17938","18637","19278","19306","18551","17506","16512",
"2022","3","30","15838","15440","15244","15192","15474","16353","17716","18548","18559","18385","18274","18052","17928","17682","17640","17714","17870","18251","18385","18707","18482","17692","16551","15476",
"2022","3","31","14716","14210","13929","13801","13917","14675","16067","16951","17266","17202","17337","17243","16929","16872","16813","16772","17007","17336","17440","17533","17272","16535","15512","14520",
"2022","4","1","13778","13340","13090","13015","13193","13899","15302","16344","16847","16954","16929","16919","16675","16397","16247","16517","16973","17274","17412","17702","17581","17020","16219","15394",
"2022","4","2","14725","14288","13990","13861","13943","14217","14774","15251","15433","15186","14831","14465","14096","13756","13523","13501","13893","14663","15518","16191","16392","15996","15388","14668",
"2022","4","3","14036","13614","13376","13213","13208","13418","13785","14214","14630","15141","15646","16015","16181","16185","16105","16111","16342","16749","16956","17196","17174","16578","15725","14847",
"2022","4","4","14245","13879","13658","13638","13915","14840","16257","17029","16951","16666","16429","16187","15950","15809","15824","15967","16366","16895","17211","17618","17541","16846","15859","14874",
"2022","4","5","14165","13760","13524","13493","13792","14638","15913","16729","16906","16666","16270","16042","15736","15605","15439","15412","15824","16402","16898","17255","17119","16358","15336","14398",
"2022","4","6","13698","13283","13039","12978","13204","13999","15455","16514","17063","17267","17253","17093","16823","16715","16625","16550","16673","17119","17292","17393","17179","16438","15362","14414",
"2022","4","7","13728","13302","13040","12982","13179","14010","15435","16552","17173","17493","17663","17778","17775","17809","17771","17857","18062","18249","18178","18090","17646","16889","15872","14843",
"2022","4","8","14112","13630","13346","13254","13438","14174","15502","16425","16580","16280","15923","15794","15597","15495","15296","15211","15417","15889","16141","16512","16578","16046","15256","14473",
"2022","4","9","13739","13263","12986","12867","12908","13173","13688","14182","14736","15009","15186","15141","14853","14544","14343","14212","14417","14885","15436","15938","16149","15735","15149","14443",
"2022","4","10","13866","13414","13100","12962","12991","13210","13589","13975","14349","14523","14671","14910","15101","15146","15158","15229","15536","15982","16309","16738","16924","16356","15558","14728",
"2022","4","11","14088","13756","13532","13526","13804","14660","15918","16566","16361","15920","15588","15327","15110","14921","14824","14776","15323","16109","16522","16925","16853","16138","15204","14262",
"2022","4","12","13568","13142","12838","12768","12980","13689","14909","15876","16316","16308","16032","15293","14858","14697","14592","14606","14969","15629","16114","16410","16527","15894","14956","14007",
"2022","4","13","13341","12902","12659","12599","12805","13520","14661","15556","15929","15775","15398","15277","15100","15258","15463","15718","16190","16595","16539","16766","16699","15994","14978","14012",
"2022","4","14","13284","12760","12461","12325","12494","13133","14254","15154","15495","15591","15650","15837","16113","16382","16443","16617","16755","16999","16970","16897","16727","16027","15044","14081",
"2022","4","15","13340","12850","12542","12434","12585","13113","13912","14506","14560","14393","14258","14198","14331","14453","14472","14682","15050","15494","15692","15808","15798","15297","14544","13749",
"2022","4","16","13066","12626","12349","12198","12222","12439","12924","13452","14072","14414","14495","14601","14359","14352","14616","14657","14797","15150","15433","15663","15766","15370","14747","14054",
"2022","4","17","13447","13022","12770","12629","12651","12848","13157","13527","13789","13888","13836","13733","13782","13534","13333","13206","13283","13755","14393","15133","15714","15472","14875","14182",
"2022","4","18","13638","13318","13144","13163","13453","14224","15297","15921","15803","15424","15349","15275","15422","15597","16002","16404","16814","17287","17527","17622","17373","16687","15763","14896",
"2022","4","19","14222","13809","13550","13434","13520","14167","15266","16140","16688","16955","17130","17146","17077","16857","16660","16728","16950","17144","17225","17459","17441","16791","15916","14982",
"2022","4","20","14335","13901","13636","13531","13738","14445","15493","16233","16333","16066","15746","15476","15165","14975","14789","14674","14983","15577","16085","16512","16832","16313","15412","14501",
"2022","4","21","13874","13490","13242","13172","13408","14095","15108","15798","15979","16000","16028","16045","16194","16244","16391","16536","16687","16867","16956","16935","16875","16260","15323","14415",
"2022","4","22","13774","13311","13067","12980","13184","13839","14830","15391","15379","15166","14987","14750","14549","14472","14360","14354","14634","15165","15557","15827","15998","15556","14775","14007",
"2022","4","23","13339","12907","12658","12544","12589","12855","13203","13590","13870","13733","13745","13678","13752","13911","13782","13740","14010","14604","14998","15262","15410","15020","14378","13651",
"2022","4","24","13036","12602","12292","12135","12122","12271","12435","12721","12880","12809","12749","12683","12680","12563","12542","12707","13222","14128","14786","15264","15635","15174","14307","13439",
"2022","4","25","12824","12426","12192","12148","12370","13148","14318","15186","15498","15446","15349","15310","15402","15419","15321","15336","15757","16257","16524","16718","16701","15943","14867","13872",
"2022","4","26","13141","12656","12378","12296","12495","13165","14467","15552","16130","16333","16475","16551","16507","16541","16504","16536","16634","16835","16935","16955","16788","16094","15070","14113",
"2022","4","27","13384","12959","12694","12635","12884","13699","14932","15786","15999","15830","15723","15721","15714","15729","15746","15770","16165","16666","16975","17214","17342","16745","15790","14786",
"2022","4","28","14104","13689","13427","13389","13623","14419","15612","16280","16139","15677","15357","15151","15015","14877","14716","14720","15042","15662","16218","16681","17028","16540","15587","14622",
"2022","4","29","13886","13518","13329","13291","13552","14311","15374","15922","15695","15339","15085","14855","14647","14515","14344","14281","14551","15072","15520","15890","16132","15736","15027","14265",
"2022","4","30","13571","13175","12956","12880","12954","13246","13574","13754","13606","13399","13187","13033","12894","12747","12584","12656","13044","13764","14396","14817","15240","14956","14382","13680",
"2022","5","1","13051","12632","12418","12323","12331","12511","12654","12779","12728","12583","12568","12598","12653","12705","12879","13253","13869","14463","14833","15145","15388","14926","14128","13325",
"2022","5","2","12708","12347","12104","12049","12262","12984","14266","15420","16092","16424","16586","16495","16545","16590","16566","16569","16776","16868","16768","16682","16595","15940","14916","13907",
"2022","5","3","13221","12803","12525","12435","12626","13363","14509","15369","15620","15522","15405","15247","15064","15166","15322","15569","15875","16191","16289","16375","16466","15813","14772","13785",
"2022","5","4","13094","12664","12375","12266","12434","13185","14438","15565","16242","16680","16854","16832","16664","16491","16182","16201","16318","16465","16465","16469","16578","16019","15014","13988",
"2022","5","5","13280","12838","12562","12480","12671","13376","14456","15136","15102","14858","14640","14576","14572","14638","14685","15009","15496","15909","16034","16139","16328","15759","14819","13839",
"2022","5","6","13114","12652","12328","12243","12399","13095","14217","15284","15788","15946","16095","16123","16023","15937","15902","15943","15992","16128","16113","16116","16059","15590","14766","13900",
"2022","5","7","13199","12721","12451","12325","12364","12603","12994","13584","14093","14434","14591","14666","14621","14508","14371","14379","14558","14911","15177","15402","15637","15380","14702","13951",
"2022","5","8","13304","12862","12574","12425","12432","12599","12785","13020","13124","13068","13171","13161","13030","12827","12801","12865","13280","13886","14466","14962","15333","15058","14278","13450",
"2022","5","9","12885","12527","12345","12315","12613","13394","14540","15127","15030","14748","14549","14462","14362","14329","14336","14457","14851","15453","15898","16130","16299","15790","14731","13697",
"2022","5","10","12966","12524","12295","12235","12457","13172","14274","14959","14875","14683","14539","14515","14502","14607","14698","14970","15423","15843","16035","16147","16231","15714","14649","13596",
"2022","5","11","12840","12382","12101","12011","12224","12894","14037","14866","15047","14979","14841","14901","14981","15055","15251","15601","16102","16614","16891","16924","16884","16288","15119","13971",
"2022","5","12","13164","12658","12313","12128","12307","12968","14061","15007","15372","15508","15510","15566","15760","16073","16209","16511","17137","17702","17886","17778","17739","17122","15966","14774",
"2022","5","13","13857","13291","12905","12715","12786","13333","14402","15496","16108","16329","16435","16539","16742","17157","17517","17876","18136","18468","18529","18348","18002","17380","16374","15270",
"2022","5","14","14374","13709","13276","13009","12940","13000","13253","13859","14498","15028","15395","15864","16288","16540","16716","17043","17202","17340","17304","17146","17119","16676","15863","14900",
"2022","5","15","14094","13485","13056","12797","12647","12655","12739","13170","13816","14386","14781","15189","15529","15941","16247","16663","17143","17642","17867","17745","17634","17075","15987","14884",
"2022","5","16","14053","13518","13194","12998","13092","13713","14878","16039","16720","17192","17599","17961","18278","18362","18146","18309","18531","18451","18163","17857","17526","16798","15697","14507",
"2022","5","17","13582","12941","12567","12408","12528","13115","14228","15152","15542","15661","15708","15941","16195","16334","16333","16454","16697","17098","17183","17002","16865","16396","15275","14155",
"2022","5","18","13290","12807","12487","12312","12430","13016","14083","14808","14975","14891","14816","14837","14896","15185","15488","15934","16482","16813","16811","16666","16647","16096","15092","14057",
"2022","5","19","13309","12771","12507","12389","12471","13129","14319","15497","16226","16654","16835","16817","16865","16692","16441","16218","16102","16401","16549","16540","16532","16067","15063","14001",
"2022","5","20","13189","12720","12416","12242","12417","12994","14062","15012","15525","15761","15947","16217","16547","16476","16420","16722","17267","17561","17593","17377","17229","16828","15979","15032",
"2022","5","21","14225","13608","13253","13017","12989","13128","13494","14259","15058","15569","16198","17079","17980","18795","19393","19910","20644","21190","21247","20822","20421","19744","18712","17619",
"2022","5","22","16567","15686","15057","14587","14309","14159","14244","14845","15820","16983","18075","18953","19443","19871","20287","20693","20997","21189","20785","20205","19860","19300","18061","16773",
"2022","5","23","15728","14946","14321","13978","13909","14316","15218","15945","16255","16253","16217","16265","16388","16553","16822","17218","17744","18091","17911","17676","17567","17047","15910","14762",
"2022","5","24","13918","13390","13062","12892","13001","13559","14590","15527","15899","15887","15830","15883","15908","16010","16224","16503","16821","17097","17064","16926","16822","16356","15297","14224",
"2022","5","25","13380","12865","12544","12426","12550","13096","14158","15083","15472","15602","15704","15826","15964","16158","16291","16580","17021","17420","17408","17167","17068","16594","15511","14420",
"2022","5","26","13559","12999","12686","12520","12638","13191","14199","15141","15631","15825","15937","16092","16210","16675","17036","17453","17904","18195","18145","17915","17872","17416","16387","15296",
"2022","5","27","14443","13880","13525","13355","13450","13975","15062","16246","17163","17705","18029","18364","18677","19017","19312","19413","19620","19475","18933","18451","18054","17533","16626","15633",
"2022","5","28","14689","14054","13660","13400","13338","13413","13687","14330","15142","15769","16249","16471","16710","16469","16214","16177","16232","16515","16795","16833","16763","16562","15806","14865",
"2022","5","29","13982","13316","12874","12594","12496","12480","12597","12943","13427","13816","14286","14673","14963","15138","15412","15880","16496","17119","17433","17289","17037","16757","16020","15061",
"2022","5","30","14210","13604","13196","12969","12925","12983","13256","13863","14541","15228","15961","16935","17695","18347","19019","19665","20472","21210","21497","21246","20944","20413","19141","17838",
"2022","5","31","16779","16097","15574","15333","15367","15910","17200","18817","20176","21270","22268","23195","24046","24896","25576","26273","26831","27046","26636","25860","24725","23208","20992","18954",
"2022","6","1","17358","16276","15526","15045","14932","15304","16292","17319","17890","18102","18342","18765","19071","19243","19316","19226","19186","19213","18921","18619","18286","17698","16645","15495",
"2022","6","2","14654","14071","13703","13502","13589","14144","15324","16534","17281","17763","18187","18714","19200","19579","19874","20256","20616","20542","20194","19727","19397","18820","17578","16331",
"2022","6","3","15346","14672","14227","13968","13980","14444","15502","16515","17016","17252","17520","17753","17971","18200","18497","18953","19445","19691","19496","19052","18544","18067","17039","15911",
"2022","6","4","14896","14142","13608","13256","13126","13110","13419","13962","14492","14850","15200","15558","15866","16071","16298","16589","17028","17497","17781","17622","17294","17067","16248","15249",
"2022","6","5","14312","13613","13119","12817","12683","12603","12735","12977","13319","13671","13930","14223","14528","14835","15260","15807","16512","17191","17536","17434","17271","16956","16035","14974",
"2022","6","6","14163","13591","13230","13067","13202","13757","14922","16051","16647","17039","17339","17757","18198","18671","19221","19823","20320","20553","20217","19639","19241","18682","17466","16195",
"2022","6","7","15157","14484","13998","13712","13764","14306","15496","16676","17436","17959","18382","18847","19090","19359","19686","19880","20046","19940","19510","19184","18840","18293","17155","16063",
"2022","6","8","15179","14588","14218","14088","14230","14859","16130","17372","18051","18391","18788","19172","19457","19776","20078","20577","21200","21678","21642","21191","20701","20111","18820","17474",
"2022","6","9","16370","15629","15152","14868","14927","15536","16783","17971","18788","19394","19850","20276","20402","20439","20504","20639","20843","21014","20636","20067","19416","18923","17706","16334",
"2022","6","10","15211","14425","13924","13642","13695","14142","15237","16259","16872","17163","17489","17825","18045","18326","18495","18899","19296","19507","19318","18956","18633","18273","17347","16284",
"2022","6","11","15275","14547","14072","13750","13628","13635","13882","14442","15038","15630","16180","16592","16871","16850","17027","17117","17115","17335","17532","17532","17287","17035","16308","15397",
"2022","6","12","14563","13940","13474","13196","13045","12993","13107","13559","14155","14735","15302","15668","16007","16198","16367","16802","17210","17674","17920","17911","17856","17679","16918","15900",
"2022","6","13","15077","14523","14140","13978","14122","14742","16002","17370","18282","18916","19514","20042","20698","21071","21248","21807","22554","22910","22811","22243","21492","20694","19146","17448",
"2022","6","14","16101","15244","14683","14357","14341","14758","15898","16930","17565","17827","17966","18267","18768","19366","19923","20677","21605","22263","22355","21974","21173","20479","19120","17542",
"2022","6","15","16302","15466","14897","14558","14522","14916","16201","17513","18329","18959","19571","20183","20555","21085","21563","22217","22853","23218","22915","22240","21487","20886","19624","18187",
"2022","6","16","17024","16205","15697","15393","15414","15979","17208","18465","19169","19575","19955","20401","20693","20980","21166","21453","21695","21568","21075","20615","20365","19870","18804","17619",
"2022","6","17","16619","15947","15495","15265","15322","15799","16995","18337","19330","20078","20872","21805","22571","23006","23265","23529","23896","24021","23600","22756","21721","20895","19640","18176",
"2022","6","18","16870","15946","15250","14815","14536","14351","14467","14963","15494","15701","15759","15710","15579","15531","15634","15647","15716","15811","15785","15798","15777","15643","15047","14268",
"2022","6","19","13497","12959","12552","12320","12229","12191","12267","12490","12742","12903","13079","13189","13325","13421","13579","13893","14447","15153","15672","15856","15829","15823","15126","14259",
"2022","6","20","13541","13068","12748","12569","12654","13023","13814","14682","15238","15595","15885","16029","16264","16588","17072","17687","18405","19050","19261","19017","18646","18311","17196","15971",
"2022","6","21","14943","14209","13753","13513","13595","14105","15224","16422","17320","17830","18337","18662","19067","19290","19666","20179","20527","20632","20384","20022","19581","19041","17977","16768",
"2022","6","22","15820","15108","14699","14491","14556","15056","16216","17490","18385","18914","19283","19659","19928","20222","20333","20219","20216","20232","19973","19570","19089","18487","17349","16131",
"2022","6","23","15136","14450","14006","13743","13797","14281","15358","16505","17300","17865","18246","18613","18902","19242","19419","19516","19850","20092","19937","19610","19232","18851","17781","16532",
"2022","6","24","15510","14770","14263","13976","13976","14400","15449","16608","17403","17951","18463","19099","19678","20318","20850","21421","21865","22107","21898","21351","20644","20041","18933","17706",
"2022","6","25","16583","15739","15084","14647","14455","14369","14768","15574","16545","17548","18598","19533","20357","20955","21539","22181","22886","23550","23767","23326","22480","21822","20651","19277",
"2022","6","26","17986","17040","16338","15840","15521","15298","15509","16302","17470","18769","20057","21249","22179","22755","23192","23434","23762","23983","23781","23042","22393","21886","20805","19475",
"2022","6","27","18357","17494","16948","16629","16667","17165","18107","19241","20092","20567","20954","21376","21495","21650","21718","21360","21332","21393","21157","20842","20271","19887","18703","17349",
"2022","6","28","16239","15351","14756","14398","14335","14685","15605","16605","17215","17566","17907","18311","18673","19140","19544","19960","20488","21031","21075","20679","19974","19431","18241","16881",
"2022","6","29","15794","15082","14543","14237","14227","14608","15629","16759","17619","18237","18887","19420","19984","20646","21147","21607","22056","22268","21950","21383","20688","20252","19134","17828",
"2022","6","30","16718","15910","15335","14987","14942","15281","16269","17446","18321","19026","19729","20396","21045","21760","22493","23213","24028","24563","24427","23738","22881","22323","21092","19565",
"2022","7","1","18228","17266","16606","16207","16107","16405","17494","19028","20391","21610","22861","23907","24763","25531","25998","26405","26862","26773","26189","25301","24537","23899","22569","21135",
"2022","7","2","19854","18778","18047","17571","17304","17258","17397","18033","18985","19744","20530","21367","21977","22342","22753","23157","23381","23563","23595","23111","22236","21683","20716","19583",
"2022","7","3","18477","17583","16881","16392","16107","15832","15746","16126","16704","17196","17663","18120","18666","19255","19739","20241","20881","21458","21613","21168","20291","19724","18783","17657",
"2022","7","4","16549","15629","14933","14533","14308","14180","14369","14880","15479","16185","16955","17662","18272","18884","19452","20084","20744","21263","21263","20871","20235","19753","19068","18135",
"2022","7","5","17206","16399","15875","15579","15591","16043","16937","18144","19239","20196","21054","21794","22424","22854","22875","22703","22537","22428","22081","21693","21407","21131","20190","18946",
"2022","7","6","17842","17114","16636","16407","16462","17008","18227","19667","20875","21677","22314","22643","22859","23233","23360","23463","23724","23998","23884","23424","22679","22060","20788","19340",
"2022","7","7","18046","17091","16402","16005","15943","16290","17240","18412","19284","19922","20413","20928","21492","22092","22607","23110","23583","23922","23577","22870","22014","21401","20192","18766",
"2022","7","8","17560","16682","16029","15668","15604","15939","16933","18199","19205","19936","20700","21570","22404","23239","23719","23885","24044","23849","23156","22436","21772","21186","20153","18954",
"2022","7","9","17865","17027","16372","15920","15638","15466","15622","16196","16908","17569","18160","18752","19248","19548","19964","20357","20860","21269","21409","20901","20101","19598","18593","17476",
"2022","7","10","16424","15645","14988","14511","14269","14113","14112","14380","14850","15418","16043","16685","17338","17984","18564","19181","19986","20767","21071","20737","20133","19712","18669","17417",
"2022","7","11","16374","15597","15066","14745","14735","15193","16184","17467","18431","19132","19830","20603","21300","22039","22632","23317","24003","24434","24205","23376","22444","21795","20508","19120",
"2022","7","12","17929","17021","16468","16195","16248","16819","17956","19380","20467","21350","22270","23154","23907","24774","25492","26013","26433","26608","26017","25324","24618","23957","22494","20947",
"2022","7","13","19613","18620","17866","17382","17221","17473","18409","19795","20866","21646","22435","23202","23874","24696","25363","25796","26058","26297","25926","24968","24004","23226","21900","20448",
"2022","7","14","19195","18305","17608","17135","16974","17292","18175","19357","20460","21264","22013","22812","23509","24156","24651","25090","25530","25724","25316","24564","23640","22866","21381","19786",
"2022","7","15","18438","17435","16715","16211","16054","16358","17229","18333","19115","19759","20471","21190","21796","22412","22951","23370","23839","24164","23904","23147","22223","21548","20396","19117",
"2022","7","16","17932","17091","16481","16050","15858","15845","16021","16674","17561","18485","19281","19968","20596","21159","21461","21433","21804","22180","22087","21917","21540","21192","20321","19271",
"2022","7","17","18256","17467","16841","16280","15941","15803","15827","16369","17222","18210","19339","20391","21287","22035","22796","23369","23836","24063","23889","23375","23095","22886","21832","20557",
"2022","7","18","19391","18635","18097","17804","17812","18386","19490","20710","21795","22536","23146","23601","24123","24546","24764","24429","24304","24501","24409","24105","23771","23230","21996","20609",
"2022","7","19","19411","18566","17889","17431","17336","17751","18752","20245","21481","22436","23334","24291","25123","26041","26792","27425","28048","28628","28619","27995","27168","26371","24789","23059",
"2022","7","20","21597","20459","19619","19116","18935","19265","20277","21927","23453","24832","26030","27139","28184","29020","29406","29804","30197","30505","30203","29434","28553","27701","26027","24176",
"2022","7","21","22679","21612","20731","20184","20020","20412","21425","23042","24552","25748","26928","27844","28629","28546","28268","28373","28626","29192","29235","28630","27781","26898","25235","23515",
"2022","7","22","22028","20802","19954","19336","19114","19403","20232","21691","23121","24256","25391","26413","27191","27858","28395","28764","28881","28851","28135","27307","26435","25515","24066","22568",
"2022","7","23","21271","20226","19460","18834","18481","18349","18538","19547","20824","22138","23360","24397","25304","26045","26645","27246","27764","27963","27646","26851","26093","25534","24407","23051",
"2022","7","24","21715","20641","19821","19240","18807","18553","18554","19306","20454","21677","22969","24066","25070","25992","26718","27265","27879","28197","28085","27492","26876","26240","24857","23464",
"2022","7","25","22402","21542","20847","20479","20465","20939","21851","23097","24334","25270","25907","26155","26217","25743","25448","25578","25760","26274","26432","25828","25160","24444","23011","21362",
"2022","7","26","20075","19022","18078","17473","17251","17500","18237","19325","20054","20489","21094","21720","22091","22289","22432","22782","23169","23406","23314","22915","22346","21736","20392","18939",
"2022","7","27","17768","16861","16247","15923","15883","16317","17250","18510","19415","20176","21011","21806","22460","23234","23871","24540","24989","24931","24543","23947","23548","23079","21903","20579",
"2022","7","28","19438","18607","18039","17719","17762","18350","19430","20768","21881","22950","24131","25063","25854","26651","27031","27395","27903","27756","26960","26353","25724","24950","23524","22034",
"2022","7","29","20681","19653","18850","18339","18112","18456","19256","20512","21524","22390","23126","23939","24272","24622","24919","25147","25429","25500","24955","24341","23643","22906","21714","20468",
"2022","7","30","19341","18411","17764","17294","16980","16896","16967","17628","18410","19203","19906","20543","21046","21424","21766","22150","22756","23340","23439","22957","22266","21638","20568","19331",
"2022","7","31","18167","17277","16568","16062","15727","15572","15559","16113","16868","17887","18841","19859","20610","21183","21926","22527","23057","23380","23244","23019","22901","22518","21435","20135",
"2022","8","1","19040","18220","17636","17171","17093","17551","18358","19420","20238","20725","21193","21684","22052","22397","22688","22968","23376","23768","23773","23408","22879","22205","20918","19595",
"2022","8","2","18441","17672","17152","16861","16877","17437","18468","19816","20994","21945","22920","23810","24622","25322","25948","26461","27067","27467","27191","26331","25507","24578","22967","21303",
"2022","8","3","19913","18851","18035","17509","17317","17626","18445","19752","20740","21629","22454","23285","24139","25079","25897","26724","27424","28044","27808","26946","26131","25243","23714","22151",
"2022","8","4","20727","19689","18953","18469","18333","18739","19763","21246","22690","24022","25268","26307","27334","28308","28620","28851","28923","28976","28304","27462","26911","26078","24465","22877",
"2022","8","5","21500","20488","19752","19271","19159","19613","20510","21689","22825","23788","24573","25180","25883","26652","27279","28039","28602","28550","27943","27039","26269","25321","23920","22541",
"2022","8","6","21232","20155","19344","18801","18463","18410","18606","19538","20892","22172","23459","24640","25553","26287","26797","27202","27639","27768","27460","26864","26334","25612","24486","23226",
"2022","8","7","22030","21028","20299","19797","19457","19339","19379","20026","21105","22475","23912","24986","25940","26473","26847","26970","27588","28142","28196","27647","27200","26434","25075","23561",
"2022","8","8","22345","21438","20765","20400","20365","20885","21882","23361","24747","26017","27210","28140","28919","29343","29550","29912","30038","30221","30141","29243","28510","27531","25979","24345",
"2022","8","9","23079","22148","21457","21005","20876","21299","22213","23559","24860","26008","26925","27571","28179","28674","28809","29017","29222","29461","28928","27817","27120","26187","24597","22961",
"2022","8","10","21620","20581","19616","18947","18703","19041","19816","20871","21690","22334","22973","23613","24249","24741","25018","25338","25841","26185","25849","25101","24435","23577","22233","20860",
"2022","8","11","19667","18787","18173","17839","17830","18369","19333","20276","20989","21493","22104","22801","23324","24050","24761","25432","25968","26171","25761","24862","24100","23169","21882","20269",
"2022","8","12","18978","18032","17297","16845","16697","17082","17786","18650","19283","19621","19961","20314","20673","21140","21686","22184","22698","23003","22641","21953","21261","20393","19128","17821",
"2022","8","13","16748","15904","15300","14913","14703","14722","14871","15329","15796","16191","16576","17063","17539","17819","18157","18657","19232","19852","20079","19682","19312","18715","17845","16858",
"2022","8","14","15953","15249","14724","14336","14134","14112","14136","14578","15153","15814","16356","17055","17697","18279","18822","19382","19972","20514","20622","20261","20035","19449","18405","17311",
"2022","8","15","16411","15786","15340","15075","15132","15647","16477","17613","18515","19188","19763","20578","21246","21786","22266","22647","23075","23431","23045","22258","21700","20796","19486","18173",
"2022","8","16","17152","16380","15846","15424","15434","15971","16841","17941","18795","19372","19774","20252","20839","21367","21894","22524","22966","23269","22839","22041","21628","20777","19518","18244",
"2022","8","17","17242","16461","15838","15488","15422","15939","16843","17843","18698","19267","19691","19906","20174","20793","21281","21454","21711","21839","21432","20991","20615","19770","18556","17415",
"2022","8","18","16587","15930","15268","14903","14904","15430","16326","17358","18188","18738","19344","20060","20880","21839","22445","22865","23179","23161","22764","22181","21777","20927","19690","18407",
"2022","8","19","17315","16498","15909","15554","15517","15954","16767","17844","18664","19654","20567","21552","22431","23313","24032","24444","24909","25190","24650","23760","23114","22226","21045","19717",
"2022","8","20","18553","17697","17039","16618","16342","16368","16553","17077","18005","19182","20437","21665","22645","23357","23860","24283","24764","24993","24564","23780","23243","22421","21254","19994",
"2022","8","21","18824","17909","17273","16816","16527","16505","16596","17045","17949","18890","19924","20824","21435","21901","22265","22805","23035","22992","22749","22404","22310","21634","20630","19482",
"2022","8","22","18427","17759","17324","17081","17169","17813","18878","19951","20965","21703","22234","22548","22712","23007","23246","23559","23596","23818","23587","23104","22757","21908","20780","19496",
"2022","8","23","18415","17660","17213","16951","17031","17635","18679","19787","20808","21557","22232","22906","23535","24027","24504","24899","25360","25587","25093","24368","23753","22628","21220","19795",
"2022","8","24","18551","17656","17039","16667","16608","17101","18046","19227","20195","20962","21740","22537","23301","23931","24435","25026","25674","26083","25835","24986","24366","23264","21749","20272",
"2022","8","25","18994","18005","17277","16842","16750","17221","18107","19218","20314","21180","22029","22970","23945","24852","25478","26020","26555","26703","26016","25089","24499","23391","21958","20521",
"2022","8","26","19334","18414","17774","17385","17262","17702","18629","19820","21046","22070","22958","24000","24823","25207","25209","25362","25354","25305","24871","24269","23682","22762","21608","20282",
"2022","8","27","19156","18291","17604","17103","16822","16838","17023","17573","18461","19280","20119","20782","21453","21932","22333","22712","23210","23563","23371","22698","22195","21372","20355","19172",
"2022","8","28","18172","17384","16846","16479","16251","16200","16245","16463","17016","17631","18325","19209","19986","20727","21430","22097","22833","23435","23446","23026","22740","21901","20785","19577",
"2022","8","29","18632","18003","17570","17364","17484","18171","19274","20526","21736","22704","23668","24656","25580","26460","27068","27546","27786","27776","27176","26288","25669","24598","23149","21660",
"2022","8","30","20357","19411","18784","18384","18370","18996","20160","21318","22307","23182","24079","25002","25807","26609","27026","27148","27165","27036","26114","25306","24709","23597","21965","20502",
"2022","8","31","19263","18355","17684","17249","17108","17509","18412","19390","20266","20811","21343","21909","22304","22708","23054","23236","23469","23697","23231","22500","21986","20885","19620","18422",
"2022","9","1","17323","16415","15875","15551","15510","15983","16934","17878","18599","19051","19496","19922","20233","20741","21231","21704","22312","22696","22351","21619","21032","19953","18646","17296",
"2022","9","2","16261","15437","14841","14462","14398","14846","15725","16568","17129","17422","17828","18201","18614","19208","19784","20368","21017","21502","21266","20663","20057","19093","18050","16944",
"2022","9","3","15956","15236","14733","14395","14248","14341","14638","15113","15842","16447","17048","17685","18269","18965","19612","20151","20517","20922","20856","20536","20311","19596","18753","17828",
"2022","9","4","16954","16280","15801","15450","15279","15294","15476","15940","16699","17449","18338","19291","20166","21048","21720","22097","22167","22031","21708","21456","21155","20413","19532","18442",
"2022","9","5","17538","16860","16376","16050","15947","16099","16389","16833","17625","18475","19478","20318","20950","21485","21915","22171","22208","22085","21810","21721","21421","20643","19551","18441",
"2022","9","6","17537","16892","16468","16299","16429","17153","18497","19605","20482","20940","21206","21238","21151","21058","20914","20691","20682","20742","20520","20434","20010","19106","17993","16844",
"2022","9","7","15967","15343","14925","14690","14754","15446","16808","17887","18574","18953","19168","19340","19379","19423","19473","19633","19732","19990","19964","19991","19627","18715","17573","16445",
"2022","9","8","15556","14952","14521","14294","14340","14994","16255","17234","17816","18210","18443","18650","18847","19348","19740","20297","20932","21440","21295","20831","20250","19191","17894","16633",
"2022","9","9","15635","14910","14439","14165","14182","14769","15903","16816","17412","17667","17976","18325","18804","19434","19983","20670","21302","21629","21302","20831","20183","19150","17964","16793",
"2022","9","10","15820","15094","14535","14182","14033","14114","14453","14899","15524","16044","16608","17269","17974","18664","19267","19967","20602","20887","20478","20146","19689","18986","18124","17228",
"2022","9","11","16290","15639","15167","14827","14659","14714","14946","15301","15979","16732","17350","17874","18167","18319","18397","18575","18804","19057","19056","19193","18965","18295","17396","16474",
"2022","9","12","15775","15296","15052","14945","15081","15867","17277","18374","19130","19609","20015","20371","20639","20927","21153","21850","22657","23207","22947","22583","21916","20846","19567","18309",
"2022","9","13","17278","16644","16171","15945","15978","16502","17829","18887","19687","20271","20706","21134","21521","21975","22364","22793","23156","23264","22706","22111","21123","19781","18395","17004",
"2022","9","14","15889","15110","14550","14296","14260","14859","16104","16979","17451","17764","18077","18371","18759","19292","19759","20312","20920","21311","21013","20776","20198","19237","17985","16787",
"2022","9","15","15807","15149","14654","14332","14271","14788","15900","16643","16817","16754","16700","16700","16727","16875","17086","17593","18203","18755","18764","18668","18140","17198","16021","14889",
"2022","9","16","14085","13510","13101","12974","13059","13705","14910","15737","16138","16200","16123","16241","16395","16717","17100","17568","18097","18400","18298","18267","17748","17028","16085","15169",
"2022","9","17","14435","13868","13480","13260","13185","13373","13790","14276","14789","15051","15110","15353","15606","15886","16297","16776","17351","17930","18066","18184","17874","17251","16487","15663",
"2022","9","18","14908","14364","13953","13699","13569","13656","13921","14282","14918","15462","16031","16731","17600","18386","19160","19812","20459","20814","20703","20705","20263","19338","18241","17088",
"2022","9","19","16170","15502","15091","14865","14956","15702","17121","18115","18858","19401","20021","20767","21397","21924","22084","22245","22580","22323","21598","21271","20501","19505","18272","17061",
"2022","9","20","16106","15396","14930","14699","14740","15426","16747","17769","18431","18768","19004","19248","19523","19858","20085","20425","20762","20895","20621","20497","19814","18755","17570","16352",
"2022","9","21","15385","14728","14243","14013","14049","14707","16006","16914","17379","17606","17764","18157","18658","19249","19926","20687","21326","21459","21162","21137","20582","19636","18487","17275",
"2022","9","22","16329","15646","15159","14900","14941","15615","17059","18197","18752","19015","19370","19599","19311","18722","17838","17709","18039","18372","18251","18162","17474","16582","15487","14440",
"2022","9","23","13648","13136","12807","12618","12719","13318","14618","15505","15719","15594","15355","15107","14923","14924","14932","15077","15508","16085","16456","16705","16272","15642","14794","13920",
"2022","9","24","13220","12752","12454","12314","12306","12548","13061","13511","13832","13816","13636","13563","13398","13283","13412","13708","14380","15158","15673","16016","15716","15154","14499","13765",
"2022","9","25","13138","12668","12357","12194","12139","12278","12632","13036","13678","14137","14597","14925","15262","15283","15362","15574","15965","16300","16506","16739","16352","15669","14864","14007",
"2022","9","26","13423","12978","12694","12595","12729","13386","14572","15509","15993","16143","16166","16397","16618","16680","16826","17004","17319","17740","17854","17947","17445","16598","15514","14540",
"2022","9","27","13796","13308","12974","12806","12899","13532","14778","15659","16058","16000","16017","16084","16252","16442","16559","16782","17209","17539","17632","17703","17073","16214","15147","14138",
"2022","9","28","13413","12939","12604","12481","12600","13255","14661","15624","15970","16018","15961","16045","15997","16178","16363","16656","17100","17450","17536","17735","17095","16260","15200","14168",
"2022","9","29","13408","12924","12612","12486","12592","13234","14665","15673","15941","15765","15680","15539","15339","15262","15311","15605","16101","16764","17196","17425","16910","16107","15077","14035",
"2022","9","30","13306","12867","12563","12464","12618","13297","14752","15725","15944","15774","15508","15329","15221","15193","15359","15606","16022","16485","16784","16870","16365","15662","14808","13931",
"2022","10","1","13238","12749","12447","12295","12293","12505","13045","13661","14324","14720","14848","14701","14441","14344","14418","14545","14947","15467","15842","16014","15637","15077","14365","13647",
"2022","10","2","13017","12545","12245","12053","11998","12148","12503","12909","13456","13919","14201","14293","14307","14266","14323","14511","14949","15502","16060","16324","15899","15205","14399","13547",
"2022","10","3","12901","12538","12375","12320","12505","13303","14829","15984","16408","16515","16401","16303","16300","16363","16395","16550","16958","17491","17817","17847","17283","16430","15324","14317",
"2022","10","4","13580","13147","12916","12863","13017","13795","15274","16379","16835","16971","17001","17054","17009","17008","16934","16938","17224","17619","17857","17763","17161","16405","15372","14352",
"2022","10","5","13643","13204","12939","12823","12967","13666","14953","15931","16314","16338","16306","16191","15982","16049","16096","16246","16623","17050","17415","17535","16986","16143","15099","14099",
"2022","10","6","13403","12923","12677","12584","12736","13481","14930","15870","15992","15716","15441","15363","15376","15546","15832","16283","16891","17384","17680","17711","17079","16247","15182","14157",
"2022","10","7","13452","12960","12637","12479","12580","13237","14581","15632","16094","16183","16185","16163","16246","16401","16638","16833","17234","17507","17678","17525","16898","16174","15284","14321",
"2022","10","8","13568","13064","12735","12552","12528","12751","13334","13882","14233","14217","14215","14112","13921","13650","13579","13824","14389","15126","15762","16028","15720","15273","14671","13980",
"2022","10","9","13307","12878","12599","12444","12424","12625","13035","13434","13635","13499","13255","13194","13314","13418","13626","14039","14622","15278","15870","16022","15637","15135","14402","13664",
"2022","10","10","13076","12671","12434","12373","12533","13147","14178","15061","15602","15718","15552","15305","15270","15241","15237","15379","15829","16570","17093","17254","16681","15901","14910","13973",
"2022","10","11","13310","12868","12642","12540","12760","13556","15076","16043","16063","15672","15325","15115","15002","15060","15213","15592","16280","16987","17426","17480","16854","15999","14958","13994",
"2022","10","12","13247","12793","12526","12437","12610","13323","14813","15783","15949","15724","15443","15315","15294","15489","15686","16079","16617","17028","17455","17416","16768","15962","14939","13997",
"2022","10","13","13299","12875","12586","12503","12656","13395","14886","16012","16449","16792","17050","17155","17255","17258","17202","17335","17646","17942","18115","17855","17228","16384","15321","14198",
"2022","10","14","13440","12941","12630","12517","12675","13380","14786","15827","16001","15798","15539","15200","14957","14922","14974","15234","15800","16449","16833","16788","16270","15601","14809","13985",
"2022","10","15","13273","12840","12537","12351","12375","12631","13204","13803","14079","13978","13785","13716","13606","13404","13477","13745","14329","15077","15734","15919","15584","15059","14453","13761",
"2022","10","16","13116","12688","12388","12235","12226","12382","12803","13271","13571","13556","13471","13269","13191","13540","13710","13782","14501","15428","16152","16171","15804","15121","14312","13522",
"2022","10","17","12946","12536","12301","12223","12452","13232","14700","16003","16631","16942","16954","16861","16782","16657","16558","16592","16939","17433","17828","17565","16920","16107","15071","14104",
"2022","10","18","13401","12956","12668","12589","12774","13526","15032","16171","16364","16136","16000","15758","15481","15455","15459","15765","16339","17013","17607","17581","17018","16268","15262","14271",
"2022","10","19","13591","13161","12938","12897","13127","13975","15504","16608","16774","16449","16166","16155","16195","16337","16323","16689","17170","17572","18031","17894","17338","16582","15535","14563",
"2022","10","20","13908","13461","13206","13123","13300","14091","15607","16754","16949","16647","16369","16100","15960","15906","15864","16044","16611","17279","17829","17814","17271","16521","15496","14519",
"2022","10","21","13860","13431","13134","13073","13257","14076","15563","16635","16665","16077","15608","15254","14998","14945","14883","15092","15707","16461","16928","16876","16381","15792","15027","14188",
"2022","10","22","13490","13004","12727","12597","12640","12964","13572","14190","14429","14082","13747","13539","13381","13234","13272","13653","14350","15209","15835","15829","15469","15028","14360","13660",
"2022","10","23","13051","12644","12368","12264","12251","12437","12888","13390","13833","13981","14011","14138","14290","14329","14364","14589","15052","15729","16337","16292","15843","15160","14317","13486",
"2022","10","24","12882","12483","12279","12259","12477","13237","14695","16004","16529","16670","16705","16585","16523","16439","16317","16438","16796","17421","17839","17515","16874","16020","14959","13978",
"2022","10","25","13309","12866","12614","12518","12671","13430","14885","16125","16629","16720","16725","16710","16714","16712","16806","16974","17480","17976","18316","18000","17304","16402","15362","14394",
"2022","10","26","13616","13129","12802","12696","12839","13559","14979","16225","16691","16714","16736","16852","16783","16851","17078","17429","17789","18073","18326","17949","17219","16371","15252","14228",
"2022","10","27","13456","12963","12662","12523","12679","13376","14788","15957","16247","15940","15569","15317","15109","15023","15030","15370","16061","16929","17531","17438","16858","16117","15149","14213",
"2022","10","28","13535","13119","12879","12831","13026","13800","15283","16440","16678","16448","16051","15719","15392","15255","15296","15498","16196","16845","17300","17125","16660","16084","15280","14484",
"2022","10","29","13816","13361","13114","12979","13041","13358","13954","14659","14986","14676","14258","13882","13602","13388","13391","13723","14471","15419","16138","16097","15780","15347","14741","14064",
"2022","10","30","13523","13117","12901","12803","12826","13090","13557","14096","14361","14026","13685","13466","13412","13318","13410","13855","14738","15631","16451","16384","15969","15347","14592","13801",
"2022","10","31","13186","12772","12549","12518","12718","13495","15063","16317","16614","16435","16301","16300","16196","16248","16372","16606","16884","17085","17254","16971","16516","15857","14892","13956",
"2022","11","1","13314","12920","12674","12591","12777","13461","14875","16167","16687","16905","16950","16839","16742","16840","16743","16806","17133","17541","17902","17553","16921","16042","15024","14026",
"2022","11","2","13280","12877","12637","12537","12685","13428","14892","16120","16398","16136","15774","15390","15164","15150","15317","15748","16477","17206","17633","17355","16717","15945","14910","14002",
"2022","11","3","13298","12935","12697","12639","12843","13564","15026","16284","16472","15969","15490","15239","15154","15169","15289","15655","16352","17098","17597","17281","16669","15894","14935","14059",
"2022","11","4","13336","12894","12658","12575","12744","13456","14878","16084","16376","15988","15551","15328","15242","15295","15501","15863","16502","17084","17353","16952","16381","15747","14918","14077",
"2022","11","5","13362","12909","12590","12385","12408","12645","13210","13898","14406","14675","14749","14849","15017","15113","15199","15408","15793","16246","16673","16457","16071","15573","14921","14240",
"2022","11","6","13609","13091","12743","12495","12405","12432","12647","13032","13586","14230","14640","14971","15276","15374","15485","15615","15947","16589","17369","17187","16733","16170","15467","14661","13891"
"2022","11","7","13347","12957","12683","12611","12841","13647","15091","16008","16119","16153","16075","16092","16133","16320","16593","17120","17736","18372","18001","17431","16683","15754","14706","13787",
"2022","11","8","13188","12785","12547","12538","12827","13626","14927","15667","15525","15214","14979","14934","14936","15096","15484","16187","17191","18150","18055","17625","17050","16249","15299","14397",
"2022","11","9","13817","13470","13272","13243","13537","14414","15904","16637","16197","15750","15435","15278","15175","15281","15590","16368","17326","18240","18173","17723","17094","16277","15302","14380",
"2022","11","10","13747","13363","13133","13094","13312","14138","15506","16226","16010","15582","15300","15115","15127","15391","15745","16403","17182","17911","17657","17208","16557","15800","14902","14032",
"2022","11","11","13395","12934","12667","12556","12710","13316","14328","15187","15855","16354","16620","16854","17066","17181","17250","17466","17930","18246","17856","17294","16672","16028","15249","14447",
"2022","11","12","13748","13293","12965","12796","12750","12954","13455","14028","14584","14862","15040","14992","14923","14958","15159","15545","16039","16587","16416","16064","15642","15112","14456","13821",
"2022","11","13","13258","12856","12546","12351","12336","12556","13004","13521","14179","14712","15025","14948","14946","15127","15325","15674","16429","17386","17289","16980","16526","15844","15069","14330",
"2022","11","14","13795","13498","13308","13299","13597","14463","15973","16960","17105","16916","16742","16631","16632","16697","16984","17618","18494","19348","19188","18767","18154","17312","16250","15285",
"2022","11","15","14631","14247","14048","14043","14281","15160","16627","17538","17636","17691","17772","17818","17820","18074","18213","18456","19069","19644","19450","19030","18415","17577","16459","15503",
"2022","11","16","14819","14385","14075","13945","14113","14876","16321","17354","17854","18050","17968","17848","17641","17629","17748","18038","18739","19398","19179","18716","18120","17302","16253","15299",
"2022","11","17","14662","14229","14033","13988","14214","15056","16562","17515","17692","17525","17478","17363","17293","17436","17757","18209","19023","19814","19584","19138","18479","17589","16567","15631",
"2022","11","18","15024","14621","14375","14363","14573","15342","16724","17506","17650","17463","17310","17161","17234","17414","17711","18118","18851","19486","19231","18752","18248","17578","16665","15874",
"2022","11","19","15257","14835","14596","14528","14590","14937","15527","16032","16165","15971","15891","15871","15937","16045","16413","17030","17901","18700","18607","18282","17865","17272","16565","15887",
"2022","11","20","15275","14832","14561","14415","14483","14777","15285","15752","16065","16108","16190","16349","16521","16686","17004","17641","18685","19610","19568","19253","18807","18085","17170","16389",
"2022","11","21","15770","15375","15183","15103","15390","16251","17764","18649","18769","18497","18219","17943","17679","17650","18011","18646","19568","20358","20165","19636","18922","18025","16918","15937",
"2022","11","22","15217","14834","14595","14523","14756","15608","17051","17912","17779","17254","16880","16737","16632","16680","16966","17563","18446","19294","19159","18750","18185","17425","16470","15546",
"2022","11","23","14862","14418","14179","14134","14350","15137","16399","17311","17387","17014","16678","16449","16324","16463","16715","17221","18049","18795","18600","18249","17708","17103","16233","15408",
"2022","11","24","14777","14303","14022","13877","13912","14275","14820","15344","15493","15358","15278","15228","15148","15053","15140","15431","15916","16095","15834","15629","15476","15194","14724","14176",
"2022","11","25","13638","13244","13018","12912","13040","13466","14215","14902","15564","16089","16478","16608","16574","16303","16255","16576","17215","17722","17544","17206","16771","16224","15514","14818",
"2022","11","26","14209","13781","13458","13321","13394","13680","14206","14675","14815","14592","14346","14192","14087","14157","14506","15194","16164","16995","17020","16796","16457","15969","15331","14647",
"2022","11","27","14109","13654","13364","13225","13248","13477","13896","14325","14812","15247","15678","16025","16336","16578","16776","17004","17460","17862","17652","17167","16632","15945","15096","14271",
"2022","11","28","13683","13300","13077","13068","13325","14116","15551","16677","17138","17261","17157","17285","17373","17299","17464","17806","18630","19430","19281","18812","18224","17414","16348","15340",
"2022","11","29","14654","14288","14008","13965","14216","15054","16524","17538","17808","17916","17912","17846","17821","17902","18004","18261","19041","19695","19507","19122","18523","17703","16600","15592",
"2022","11","30","14852","14398","14135","14015","14162","14907","16222","17376","17897","18200","18375","18555","18668","18656","18543","18623","19164","19525","19261","18808","18250","17462","16455","15531",
"2022","12","1","14889","14527","14338","14333","14616","15485","16996","18149","18343","18334","18196","18079","17955","17984","18162","18665","19599","20411","20195","19833","19241","18405","17301","16295",
"2022","12","2","15511","15110","14892","14840","15085","15904","17345","18245","18272","17935","17709","17518","17344","17610","17886","18228","19007","19611","19301","18896","18369","17681","16714","15730",
"2022","12","3","14986","14420","14029","13812","13793","14092","14655","15311","16099","16730","17137","17241","17237","17170","17026","17089","17501","17936","17750","17526","17218","16739","16051","15294",
"2022","12","4","14670","14197","13935","13796","13836","14111","14657","15149","15455","15495","15504","15508","15682","15961","16244","16781","17914","18894","18912","18702","18305","17620","16702","15779",
"2022","12","5","15148","14747","14540","14541","14823","15740","17275","18347","18159","17709","17453","17268","17261","17572","17757","18128","19174","20049","19874","19469","18943","18081","16899","15852",
"2022","12","6","15063","14577","14295","14188","14360","15123","16578","17650","18070","18312","18437","18499","18446","18481","18425","18546","19152","19590","19279","18746","18077","17200","16064","14963",
"2022","12","7","14113","13604","13335","13216","13365","14097","15530","16751","17275","17570","17714","17849","17866","17895","17861","18003","18571","18994","18714","18253","17654","16877","15764","14698",
"2022","12","8","13948","13495","13213","13155","13355","14157","15664","16825","17152","17205","17230","17173","17083","17166","17335","17753","18661","19393","19226","18817","18303","17590","16444","15452",
"2022","12","9","14794","14337","14101","14036","14294","15171","16663","17733","17929","17759","17576","17380","17217","17319","17564","18143","19086","19865","19648","19238","18797","18146","17274","16331",
"2022","12","10","15599","15092","14834","14702","14808","15152","15819","16458","16777","16656","16367","16176","16104","16165","16587","17306","18279","19012","18943","18668","18302","17674","16904","16088",
"2022","12","11","15378","14836","14480","14313","14301","14509","14944","15552","16257","16925","17474","17746","17931","18048","18148","18362","19051","19657","19541","19198","18634","17987","16999","16054",
"2022","12","12","15322","14886","14676","14655","14915","15777","17231","18426","19084","19422","19362","19292","19256","19252","19358","19705","20526","21397","21271","20911","20299","19475","18339","17205",
"2022","12","13","16445","16016","15772","15792","16077","16962","18433","19466","19768","19540","19218","18903","18592","18496","18608","19193","20279","21312","21214","20858","20293","19460","18279","17144",
"2022","12","14","16376","15930","15701","15655","15891","16741","18290","19360","19533","19229","19047","18837","18679","18739","18946","19520","20512","21345","21226","20917","20359","19393","18197","17044",
"2022","12","15","16247","15762","15505","15422","15614","16406","17909","19048","19495","19751","19901","19992","20020","20067","20038","20166","20764","21201","20860","20291","19611","18782","17587","16470",
"2022","12","16","15675","15129","14821","14714","14880","15625","16873","18103","18725","19138","19423","19511","19429","19414","19360","19476","20050","20536","20187","19616","19015","18274","17282","16285",
"2022","12","17","15471","14970","14653","14487","14514","14832","15431","16094","16637","16909","16985","16883","16932","17029","17261","17680","18414","19143","19053","18779","18360","17853","17152","16322",
"2022","12","18","15579","15069","14730","14597","14629","14880","15375","15940","16382","16657","16822","16879","16850","17033","17337","17851","18804","19700","19692","19405","19035","18411","17451","16510",
"2022","12","19","15826","15421","15182","15145","15376","16265","17687","18783","19094","19050","18978","18859","18879","19091","19375","19766","20556","21298","21095","20763","20227","19377","18204","17038",
"2022","12","20","16251","15744","15453","15369","15566","16417","17782","18855","19120","19007","18813","18640","18481","18559","18798","19227","20080","20997","20901","20566","20076","19333","18177","17132",
"2022","12","21","16398","15914","15686","15664","15882","16721","18168","19343","19485","19081","18570","18181","17886","17887","18178","18826","19830","20765","20630","20330","19834","19094","18057","16999",
"2022","12","22","16191","15675","15359","15301","15509","16289","17657","18823","19174","19091","19128","19381","19364","19387","19410","19558","20199","20625","20309","19801","19228","18406","17300","16204",
"2022","12","23","15370","14791","14411","14249","14310","14809","15791","16704","17350","17843","18263","18368","18320","18688","19030","19575","20624","21538","21563","21520","21198","20646","19889","19047",
"2022","12","24","18317","17821","17537","17405","17474","17746","18358","19034","19635","19876","20006","20132","20058","20150","20293","20677","21420","22004","21725","21345","20987","20601","19870","19096",
"2022","12","25","18364","17811","17429","17158","17105","17255","17641","18128","18479","18371","18007","17791","17806","17867","18140","18599","19343","19949","19837","19689","19525","19198","18649","17910",
"2022","12","26","17297","16888","16606","16529","16630","16989","17586","18148","18456","18458","18388","18383","18373","18483","18835","19505","20478","21209","21087","20721","20272","19608","18609","17610",
"2022","12","27","16758","16272","16000","15901","16078","16653","17689","18702","19372","19703","19641","19566","19371","19409","19653","20024","20816","21525","21256","20761","20198","19407","18319","17299",
"2022","12","28","16490","15883","15562","15433","15556","16132","17129","18075","18458","18437","18169","17976","17939","17846","17984","18272","19058","19984","19714","19263","18841","18096","17125","16178",
"2022","12","29","15545","15082","14789","14714","14903","15568","16610","17459","17773","17493","17106","16797","16748","16873","17210","17644","18510","19383","19200","18814","18306","17613","16665","15692",
"2022","12","30","14950","14388","14054","13915","14043","14633","15567","16411","16812","16927","16791","16726","16571","16513","16542","16801","17558","18396","18194","17819","17346","16753","15974","15144",
"2022","12","31","14439","13947","13606","13390","13404","13598","14041","14541","15131","15775","16272","16484","16557","16586","16662","16851","17368","17840","17586","17042","16548","16020","15440","14851",
